File Name,File Size,File Entropy
file-example_PDF_1MB.pdf,1042157,7.976141235774984
file-sample_1MB.docx,1026736,7.998491654185498
Gantt Chart new.xlsx,41766,7.753996918903487
RobloxPlayerInstaller.exe,7545744,6.526795520900139
